kabul_sky7,ğŸ˜,0,17/5/2019 16:34
fashionlookoutfits,That dress ğŸ˜,2,17/5/2019 16:53
valegenta,YASSSâ­ï¸,3,17/5/2019 17:27
_rellabella_,These looks and colors are all copies . So sad,0,17/5/2019 17:37
latisha_am_strand,ğŸ’«ğŸ’«ğŸ’«,0,17/5/2019 17:38
timeisupdusty,"Hay algo que no encaja entre estas modelos, y es el espanta pajaros de la tercera foto, el viejo huesudo colombiano  ajaja",0,17/5/2019 18:41
lrjcccccc,what is the dress name in pic 8,0,17/5/2019 19:14
abbiesexton,What is the pink dress name in the first pic? ğŸ˜,0,17/5/2019 19:18
cache.toi,ğŸ”¥ğŸ”¥,1,17/5/2019 19:36
brooksnader,Best weekend!! ğŸ™ŒğŸ½ğŸ™ŒğŸ½ğŸ™ŒğŸ½,3,17/5/2019 20:41
rainee_m,@brooksnader ğŸ˜ğŸ˜ğŸ˜ğŸ˜,0,17/5/2019 20:52
brooksnader_fan_page,Omg hi queen @brooksnader,0,17/5/2019 20:52
celestebrightt,Had so much fun!!! Thanks @revolve ğŸ¤—ğŸ’•,6,17/5/2019 21:2
oliviabrower_,So much fun ğŸ˜ğŸ’•ğŸ’•ğŸ’• thank you!! â˜ºï¸ğŸ’•ğŸ™ŒğŸ½ğŸ‰,6,17/5/2019 21:6
estelleandersson,ğŸ˜,1,17/5/2019 22:38
prettylifemaria,ğŸ’•ğŸ’•,1,18/5/2019 0:35
mandy_7338,â­ï¸â­ï¸â¤ï¸,1,18/5/2019 1:34
janiceszeto,@brooksnader ğŸ˜ğŸ˜ğŸ˜ğŸ˜,0,18/5/2019 1:36
love.sabinka,ğŸ’–âœŒğŸ½,1,18/5/2019 5:32
harperadorned,Woah ğŸ˜ @tiana_parkr is so stunning ğŸ¤¤,0,18/5/2019 7:26
victoriapechin,Yesssss sooo pretty,1,18/5/2019 13:6
gabrynatale,Grazie @revolve,0,18/5/2019 16:54
zinutss,What is the dress in pic 2? Thanks â¤ï¸,0,18/5/2019 23:56
francislola,ğŸ¤©ğŸ¤©ğŸ¤©,0,20/5/2019 16:49
fatimaoliveirareis,Beautiful ğŸ’–ğŸ’–ğŸ’–ğŸ’–,,17/5/2019 11:51
desnjen,Love the two dresses on the first photo ğŸ‘¯â€â™€ï¸â™¥ï¸,,17/5/2019 11:58
crisgbazar,"Super stunning, love the outfits ğŸ”¥ğŸ’—",,17/5/2019 12:26
ellemarie5,"I appreciate the posting of these women of color, which Revolve often lacks.",,17/5/2019 13:15
dreamerscollectives,Absolutely beautiful! Makes every girl feel like a princess! ğŸ¹ğŸ­ I love places filled with history and stories ğŸ‘¼Travelling back in time ğŸŒˆ Sending you love from Malibu! ğŸŒ¸,,17/5/2019 13:40
ellagraceblog,Love all these looks,,17/5/2019 13:50
liviejewelry,ğŸ”¥ğŸ”¥,,17/5/2019 13:53
rachellynnchicago,Wish we were here also ğŸ˜¢,,17/5/2019 14:10
natyashba,So much fun!,,17/5/2019 14:17
millerrodrigues1,Espetacular! â¤,,17/5/2019 14:20
ceciliavpl,ğŸ”¥ğŸ”¥ğŸ”¥â¤ï¸â¤ï¸,,17/5/2019 14:50
brittneypalmer,Such a fun weekend! âœ¨,,17/5/2019 15:38
ellenvlora,BESOS â¤ï¸,,17/5/2019 8:15
grandfleurs,Wow ğŸ˜ğŸ˜ğŸ˜ğŸ˜ğŸ˜,,17/5/2019 8:18
doniaagamall22,â¤ï¸,,17/5/2019 8:22
_heyhelena,ğŸ˜ğŸ˜,,17/5/2019 8:24
gabrynatale,Molto bello @revolve,,17/5/2019 8:28
laura_gllez,ğŸ’•,,17/5/2019 8:33
sinceresally_team_maria,Gorgeous pic love! ğŸ’ Msg main account @cherrychapstickswim and tell them we sent you!,,17/5/2019 9:13
clia_lpz,ğŸ”¥ğŸ”¥ğŸ”¥,,17/5/2019 9:27
waiiwaii.p,ğŸ˜,,17/5/2019 9:40
cabriso,Wow girl you have such an amazing and inspirin page ğŸ¤© i love it ğŸ˜if you get time please check out mineğŸ˜˜ thanks,,17/5/2019 10:26
lyssiebean,@carameeks_2 dresses for vegss,,17/5/2019 11:4
carmenckm,Beauties,,17/5/2019 11:41
riniti.rocco,ğŸ’¯ğŸ“¸ğŸ’¯ğŸŒˆğŸ’¯â™¥ï¸ğŸ’¯ğŸŒˆâ™¥ï¸ğŸ‘ğŸ»,,17/5/2019 8:11
drapedindope,So pretty ğŸ˜ğŸ’˜,,17/5/2019 8:11
marthayunalay,Beautifulâ¤ï¸,,17/5/2019 8:14
commentBy,text,commentLikes,commentDate
naomijaneadams,ğŸ˜ğŸ˜ğŸ˜,0,17/5/2019 7:1
simbathem,ğŸ”¥ğŸ¯ğŸ”¥,1,17/5/2019 7:23
fashionbird__,Beautiful girls ğŸ˜,0,17/5/2019 7:35
fatimaoliveirareis,ğŸ’™ğŸ’™ğŸ’™ğŸ’™ğŸ’™,0,17/5/2019 11:57
hasan_mous_,ğŸ˜ğŸ˜,0,17/5/2019 12:20
is_that_al_you_got,The red head on the left thoughğŸ˜â¤ï¸ @helena156,3,17/5/2019 13:12
rachellynnchicago,Wishing we were there right now !,0,17/5/2019 14:10